species_abundance,genome_size,metabolic_rate,growth_rate
3.807947176588889,3.6417277130888532,0.5332392719095154,9.786773168013962
9.51207163345817,2.9124336485485416,1.1754217052810447,25.15209649332912
7.34674002393291,1.892874273288475,1.7713025045775348,20.259038464860865
6.026718993550662,4.162077588681269,1.51800479553721,17.86579179457514
1.6445845403801216,3.5812902764924566,1.6518100661506094,10.54652963346312
1.6443457513284063,1.231776227052011,1.3858100600792913,9.28188599959033
0.6750277604651747,4.5991723302222915,1.4460978161321345,8.680071543693158
8.675143843171858,4.201417593154261,1.7285521728175748,24.91860756139975
6.051038616257767,4.774099609813658,0.6494024159465347,16.734711456094608
7.10991852018085,3.7657377877476197,1.0809649345576529,19.77230851729862
0.3037864935284442,3.2603683817110545,0.598176995275284,4.41175245863165
9.702107536403744,2.382093663307785,1.9778024143939645,26.669264859627962
8.341182143924176,4.69727817509306,1.899306811435904,24.78102436167853
2.202157195714934,4.397287502751837,0.27096826046331063,7.384566360245958
1.9000671753502962,0.7034840154778523,1.4700353105282393,8.184999995590898
1.915704647548995,0.6186513852376341,1.8654469713481985,9.596738363328015
3.1119982052994235,2.1940851509512234,0.5250356212292004,8.049667442664369
5.295088673159155,4.147489988518248,1.222301414994733,16.28165677216426
4.376255684556946,4.94274258191725,1.8478789356584753,16.273223913472485
2.983168487960615,1.1768760099658768,0.26110276145443795,6.786288606659597
6.157343657751556,3.173588219084608,1.4553564810443118,18.35749794375509
1.4809892204552142,2.214008854839597,0.7352282132705914,6.970668651314301
2.99223202049866,4.864614790165715,1.8639131516777547,14.467669194114599
3.726982248607548,4.289535154110689,1.947904841297662,14.657196296351838
4.615092843748656,4.27247917120012,1.8996796804041811,16.570650246024744
7.873242017790835,2.609119219077366,1.0535855899834348,20.682186009064765
2.0767704433677614,2.3666877605194934,1.7516767717807642,10.100671385568406
5.190920940294755,1.7303318236881782,1.7201889173631266,16.295257969524467
5.96490423173422,0.753689734929172,0.7743808518378601,14.904821935958882
0.5598590859279775,4.3912506931477395,1.692047853471219,7.907314851411665
6.1146940338242395,4.158054541085349,0.2666137424878867,15.160944318727793
1.7881888245041864,4.998729529787588,1.2732857812676954,9.22858701024615
0.7440107705542672,4.984865766832574,0.6140159071178655,5.521818323902811
9.493966818808,2.9994426752118235,0.4170203943991019,21.898607125490486
9.659757127438137,3.9604433683122973,0.33851576293257646,21.51878636106432
8.103133746352965,4.751445784470926,1.4533197965806515,23.162187143663544
3.11567631481637,4.323413258048351,0.8117749347825192,10.818565163541132
1.0669539286632004,1.6130664578443894,1.5045801887517707,7.730426629712482
6.873906962470353,2.527448608895421,0.31764141343809627,16.076419536735038
4.457509688022053,1.0812173681817274,0.7675226080950985,12.440266099407188
1.3081785249633104,4.793229622664251,1.171084326275607,8.588837091409522
5.002251410101574,3.2277858550289604,1.6233016967101344,16.273598067285402
0.4404463590406621,1.5288926247655823,0.7737545052777259,4.0277512978134355
9.102271980579943,3.5226530798263553,1.3266044775866164,24.217332948351103
2.6619218178401676,3.2815770820605312,1.7947599468251367,12.373342052348864
6.658970615104422,2.111732231147782,1.3085537387281483,18.31976440756912
3.1859396532851685,1.0110091648983306,0.6193270545565408,8.384369208785747
5.248673409660327,3.522079380167598,0.24392140680176844,12.658700271034283
5.5124317654984685,2.84138465406707,1.7661779730216738,17.042787141195646
1.9300591097027178,3.975432762810377,0.23828493953069685,7.4374777909961844
9.69888781486913,2.84073575500397,1.7744630108315589,25.519600922039277
7.773814951275034,4.334816751433431,1.1520868412489815,20.824846203115772
9.401039521485473,2.9835807744851848,1.890321857323213,25.605631369398576
8.958790769233723,3.0242208719092383,1.6378098243925976,24.790583636072075
6.019209790229743,4.444941211962552,1.9962813989600074,20.10225954417477
9.226554926728857,2.315672897955787,0.8312812678130783,22.728661142211706
0.976075770314003,1.1030685280278834,1.5809389200760284,6.909757252748099
2.0402303379495375,0.6295220434100254,0.9234756444966359,7.3051457122058965
0.5477501602143269,3.8981176505312853,1.0637761165470359,5.818213968705525
3.3207702745563172,3.291392981090591,1.3295098337930662,13.348341104923822
3.9479051679258723,3.668358956446506,1.7726188055354097,14.45404702116647
2.78635541456157,1.4583387267900982,1.9713502445587312,12.370841281307895
8.3045013406041,1.1136716401404638,1.5828921449561328,22.231403376612878
3.631857934266534,0.5654509955054687,0.9519802079012007,10.609281538715154
2.8812516459050697,2.077644014629686,0.9584426040987264,9.584009281982308
5.47269122326666,3.154629590845849,1.5276481428600046,17.040731320669543
1.4951498272501504,2.2650982029487956,0.6297988623829442,6.034151079113086
8.041750109464994,2.468637149106781,0.3988534036365104,18.440878003578668
0.8380513724297312,4.5687141252218675,0.8383198837533978,6.957359017128045
9.870180672345121,2.067149601604852,0.717030184977347,24.030288201220387
7.7452232160369086,2.8129527012191486,0.7333546168207823,18.81824074064182
2.0672852471883068,4.026438557335144,0.6204939518898379,7.324370138924161
0.15466895952366377,2.2844425204457157,0.2757677413454514,2.234721379130912
8.173068141702858,3.2993901510254307,0.23217308252014487,19.982205275306026
7.097887704091409,4.380636689360353,1.9779003015248569,21.9179573734527
7.317170963605775,4.77284280645939,0.9699916407245524,20.750296655336935
7.735576432190863,1.1618306641806706,0.891787964887427,19.56628249817256
0.8330420521674946,4.6696443132267245,1.4233651088475257,7.994207466636931
3.648810712588299,2.714523318857922,0.5928569981571155,10.717945618669544
1.2471036892987843,1.6620997473453125,1.9099301311104055,9.86924595716571
8.644723916168376,2.566110903072176,1.6154210259479937,23.22920249122308
6.270651455592823,4.910146588784647,0.36093980416206717,15.977405438012992
3.375890446041227,2.7167814229679133,0.951645396412871,10.6742673358307
0.729227667831634,1.979382246293787,1.7824129536118964,7.2880069542994175
3.178724984985056,3.350303844425266,1.9005176401245385,13.409516040023357
3.319314888064796,1.5806552845018689,1.0413227202497655,9.940955445748695
7.323101165546834,0.8413849764889876,1.3041405005792739,18.996358055205597
6.41181896641661,1.0799587485979214,0.5006611029657354,14.480614000500065
8.883406151505632,1.076206275309976,1.9841035270465577,24.3741189777013
4.7749277591032975,1.1835621208053246,0.6170090624901982,11.214715942978037
1.283983034789187,1.1247222769223457,1.896917193443226,8.986518904476453
7.16112339350765,3.383936351614466,1.3693639681862633,20.53907134818579
7.631771981307285,1.3184603797961518,1.2939262307819464,18.807685023572756
5.656644255938012,2.055502774957384,1.1228393198297155,15.896586143767648
7.732575081550154,4.535547844577053,0.6152056610919656,20.192375564901376
4.9885764040074685,2.6328273811829255,0.5177504576099149,12.241997362090542
5.275055010881741,3.504009823344622,0.5968751763263156,14.92902665583359
4.332656081749641,1.2754394204073343,0.5355888718596582,11.119307993964947
0.35164935476654235,1.3653005846390185,1.603252052420156,5.843199231233857
1.168125127233714,0.6839087731991549,0.8302254665001143,5.1409965017384955
0.41114893829866905,1.2602077838247405,0.3041168178141135,2.64391567821291
6.4004630715114255,1.7536565256438137,1.9443847342534604,19.548911304311343
3.212124212655634,1.2965471792453607,1.7908145929341663,12.714343789959631
5.134849842530557,0.8991614019067502,1.8699541097513834,15.868805918728954
9.084908091868321,1.0428614199527035,1.9908340807635836,24.748429548021782
2.567993068573862,2.573504456147266,0.5130114485950772,7.254915462554099
4.162790938052734,1.4285017328260663,0.9132356340247858,11.72392661391851
7.579956271576182,2.1392143747163397,1.5648292562673642,20.472053678580235
2.3651018383670626,2.765377718846856,1.452837112496826,10.103638902353147
0.8621011073050506,3.606776728832144,0.4770126314117391,5.5766750608666085
2.9685393838463034,0.6769046292849452,1.6684996249831119,11.826685017581548
1.696090743814644,4.097346795090692,0.6039930293059892,7.55740303354619
9.304006758191473,3.3255517527090848,0.6028717066807215,21.533248130443365
8.100391757687728,0.8679156437699236,1.1665539612081444,19.97619899603745
6.3706971894531925,4.431103808480497,1.2672918827150657,19.36537078128142
8.727459842858405,4.643925802393159,1.24415517410806,23.58020656605752
8.056353561301233,0.7748508193468868,0.3646763073159588,18.753826224214635
1.947043582971755,1.7459494166624168,1.7794295527346846,10.302009452175957
8.93633408505078,4.127905759068776,0.678080076659671,22.066885837859974
5.439488194964942,3.867168606726463,0.4331268583090475,13.957383036119007
8.09365753612422,1.3303445871036979,1.7997465437641589,22.318497449483903
8.971303869242583,1.4420719550151964,1.920172696813556,24.34792688824316
3.2482344022214527,2.167124462561219,1.7518297110778112,13.189574507301243
1.189514052824,2.680353433359596,1.6571289345047806,9.168942784239432
2.356558109165223,3.282146471886332,1.379435565150239,10.099501419470354
4.328367107399937,2.160111378063976,1.1915432670964508,12.645803228342325
8.198346182632681,2.5814062225991656,0.35657616784053825,17.83902129353491
8.6212327742378,3.8636192216019043,0.9352157835272576,22.233918173314596
0.16882609225878797,0.6650744130076905,0.8708393306221651,2.7310240798009797
5.1563982955179,1.6359662495480933,0.6675568107685872,12.057004851639366
4.232368931172912,3.710073136480486,1.502156204639453,15.020532346769908
2.2988673236602297,4.528430769592397,1.0925763231417875,11.386178760258415
1.2866671366034599,2.8025484895204977,0.3458831886337663,5.009222628098521
3.442390196895917,2.8945106836939205,0.5963297635096605,10.540270413393596
9.43480606873394,0.9822740510289922,1.4298657745872727,23.691261166017977
3.299709027005477,2.513355650705546,0.33703554708254035,8.817757694015775
5.2360271552593245,2.8967776990476044,1.7321724452877836,17.576498737399685
7.059887693062261,1.5911172663562834,1.0912637486251537,18.0439879930838
3.6999330635550107,1.7115945392722143,1.0650558391879665,11.58452707134598
9.72064261893751,2.197778733970802,1.2663340123871316,24.500025545119822
9.628228219926902,0.5903203899997687,1.6844257386652686,24.27084862402797
2.592644728671105,1.9493562451243023,0.8260565742239476,9.134158477344466
5.022760208334616,1.4515160314844509,1.4204290746063144,14.945085777882698
3.0786952671860197,1.9737380848006159,1.2183175351924238,10.421339602603197
2.9199208943369297,1.0389295931866305,0.6806508863049584,8.669514165967252
0.46518077880987474,4.507372763329528,1.7815339754392843,8.079415874706848
6.134686906400979,3.171166040993219,1.6353668388924705,18.77514792866054
5.076522329965728,3.5559604361502033,1.3852133023851658,16.082105286839955
0.6096396373748946,4.051270573733023,1.7310471123696354,8.981003681640995
2.8585999959424533,2.7429898951807576,1.7611295617276443,12.609432741098194
9.09183227106987,0.8911412963934067,1.4750533580870626,23.04188178522506
2.471662717603027,2.916979438183465,1.7066239910546097,11.930570277061758
1.5344592337031087,3.140785031093956,1.4554486310047106,9.700760650475983
4.945582326747874,3.854477633829485,1.4242533891685407,16.37006879109204
9.857939495694946,2.442467958033557,1.3135004807873318,24.88279072269036
2.4963471879638544,1.074111362580037,1.5548899512037542,9.53850179465391
6.754141919318197,1.77699157609426,0.48548918952753267,15.320690363728437
7.640034191754304,2.133870333793858,1.7855673665580711,21.551093297902415
2.452611685524757,3.4066275859922053,1.7693183499414176,11.611736112790227
7.309341851257409,3.0685023710101036,0.2526451094622065,16.817384564913766
3.7410530139206073,2.102435266540308,1.6864701510165727,13.62105907660964
6.359827722876437,4.939318619568408,0.43196576145220134,16.750058417072047
6.371944136532857,3.2259866871059923,0.8032139376664555,16.731274040588534
5.4041693723401085,1.5675205628119753,1.538314861324894,16.450294431973987
0.9938687235386422,0.9580211267918168,0.4893678128869548,3.9670886565391172
8.369494706333455,1.187866126329494,1.672340643414312,21.36221112289766
3.275722643220185,1.6068097777302865,1.6978415203239354,11.978707039367942
1.946533252958557,1.2230661796680005,1.1134419207695052,7.772881580198822
0.5036739013921628,1.339551608230876,0.21149456909030045,1.7067599427501112
5.949840137563593,1.782928259122312,0.716668639714843,15.241114688830974
6.807887182238596,1.2801811788263966,1.310468453076336,18.95264572929125
0.2642195063857759,4.535444410818913,1.9661351204493622,9.303947505377753
5.169721277162881,0.8610518554773899,1.337264348630003,14.675040092489361
2.342308174459586,2.860301253066146,0.6676464459154876,8.863069381623683
6.487210625053553,2.346785721453477,1.3412102655793003,18.2457786361728
1.8262276471494154,4.920703776088729,1.17197368348854,9.460185247249795
6.940283607214413,1.0041750597562356,1.6037217112720585,18.88711854635265
3.9286799283753204,2.2903501957058374,0.39256514988852514,10.028995561025072
9.373626888493671,4.86261694973916,1.5698502245036503,25.69402451609726
1.4614573470453334,4.394782066522911,1.1742798416169986,8.72835336339086
3.4765568753975593,4.176824319271759,1.9333856069461903,14.9219697217945
1.223387860281832,1.6605627217022292,0.815369898869635,5.724689788100391
9.254466820957772,1.2689941432552962,1.3387194076411066,23.378058021339687
8.785659598471712,3.5088944896599394,1.8776505899180314,25.554041348920656
2.653622114380041,4.682191951074136,0.3845175103832227,9.276669803167481
6.633842055738373,3.005433018562684,1.887011277025612,19.688985467609974
8.190499781992036,3.0722571026145493,1.438194300141464,20.95475044826476
5.596488034834677,1.7599059214712787,0.32210670638930944,13.50640910519256
5.343540725724464,3.962718199363716,0.7417344205042693,14.210204463435884
2.4943376799144716,1.3416968685088553,1.4747097595615068,9.97127037182155
1.0217174012784023,1.9565565638190965,0.3212310826437891,3.40034981936804
8.982436003737934,2.4144639737738753,1.2479068283172918,22.014834260524673
9.014138765916972,2.7842467040800476,0.8225895025153223,22.158900755522325
6.367704427005353,1.590843795867861,1.3176479319814587,17.863352128040336
3.4563949313821367,1.016765711326416,0.28233566086252315,7.97992450065169
3.557174788665343,3.2477901909873466,1.7687662510742772,12.749022279974737
7.286961220815369,1.798837489581151,1.9522801445193145,21.057059395853017
8.981391573530512,3.1155719964017554,1.9439801395142446,25.548411566505912
8.882155600224662,1.1946322187339105,1.5493732971372645,22.270291416841008
7.820767903990476,2.665130458346679,0.4341552322351375,18.36824669374928
6.456113296927449,2.896652446482136,1.5648737526722407,19.047519150526192
0.9329856534509835,0.7332059157009211,0.24425644962584273,3.2549893634304996
1.7001242695366765,2.0147192518726427,0.23982239275219508,5.186865527473336
8.995686466418084,1.104866046225384,0.7824983944691744,20.404766668915606
6.10364769062994,0.7851873671274548,1.0795577427283984,16.43684804384105
0.1910508110046335,4.954821045754754,1.5867333520540277,7.540447414535242
1.104568274373718,1.9505923023862533,1.4299316778917093,7.4605754638607245
6.668667514169752,4.144435006345857,1.002624871478147,17.950793166410275
0.150109680077565,1.6458829464369373,0.6925279993069986,2.979103705698839
1.6919997090332368,3.566762250007682,1.99482410028388,10.709451486908504
5.532464514729202,3.9210253695035897,0.9671263440247513,15.840347716322741
6.9497624571576635,3.1803743327352993,1.012496643793416,19.383056252134395
6.554416469075745,2.6220928484757127,0.49452287814500456,15.217497425358681
2.320266163659542,2.3532841136627085,1.6306571877498728,9.902365248461686
7.150574291340605,2.069907199443479,1.4486280064066794,20.417571365369792
2.4487659662183208,4.682881149115216,0.5973853030197687,8.926466577477623
3.321457011776751,4.237787335044781,0.34828588210851685,9.472128968071484
7.490264910668439,4.842621097999307,1.4248987437344836,22.19648894523802
6.531365700567425,1.0593375056849512,1.3781201857060434,17.42395294122702
8.507311763892362,3.788903638416399,0.6918671485967768,21.897681649556723
6.610367633773399,4.72253205569467,1.9115544120507386,21.655627467215986
5.726255173021169,1.3155487977454707,0.47190420520562043,13.282041656459084
1.0273802014981155,0.7992332031504987,0.9782026418766834,6.467639036834282
3.740386450288392,3.8350429218052655,1.898508656301678,14.790962868882783
2.7255034400490823,3.0851290093096035,0.9555091704670202,10.231146582158681
2.5154974694529275,4.288229495412224,1.3493467057953539,11.372796094201275
9.732804492049212,1.1289756948183027,0.9156699163330297,23.427977225206064
3.9916674742009284,4.078702903369505,0.693587364227606,12.884204091132853
8.931260896253422,1.4073229402148504,1.9711597663276907,24.495664636130222
6.348272397372902,1.2364517428956703,0.9368012113670774,15.748465365121781
7.9686319050623196,1.2391960906894681,1.809378566622442,22.214983626806255
5.076107221741402,4.16558624104122,0.6139182906039551,13.737904750939226
5.811348457800955,3.4933874931329005,0.5835884672451499,16.12684968766712
4.975925168806753,2.853794411461037,0.25604134919212046,12.215139256461754
2.0329055792006407,2.114737178555761,1.373000285676593,9.059519829052887
7.252275941088903,4.447402433658987,0.8633474187027701,19.410635508048063
2.8796463881644727,2.2660029834018593,1.7558448497113466,11.486265672399067
0.340728067671393,4.174697477622097,1.051777832044803,5.438331351032918
6.490175729480962,2.476107088565983,1.942748170246499,20.646856467956624
1.8533957261297846,2.1962499324120843,0.533945928265618,6.078307063776767
9.410539985093852,2.582059035513229,1.7635217023200993,24.879219103563646
9.543892912325616,1.8562004337386393,1.5978743350251352,25.0778354228596
9.15715746318244,3.86424221079313,1.5876593203592937,25.602266070170828
3.7645711325288995,2.7622417554161562,1.7206098106103977,14.431569229929606
0.25302050363578754,1.5449571281606778,1.569843183697398,6.486072965347017
9.29035376961848,4.548085579735558,1.3271965789365476,24.45794252162965
4.339023068341412,2.2275104961794514,0.4362407798282977,10.38961839088652
9.66988270853233,2.945987875012949,0.2585471230842535,22.339067549801634
9.639837773183602,4.579124499340462,1.8575261260682363,26.980476254821077
8.544793609126865,3.3090709816129644,1.3099705661373284,22.54861789924467
3.0150440314888987,1.0260411831876384,1.6337671237571174,12.108507096767498
3.9124675131590605,4.729244556260638,1.06674023272259,13.667893007316541
8.526253048016883,3.3246862388213803,0.41115474013231007,20.17625732188219
3.2375278510471492,2.0070752659568876,0.4253344259645908,9.837097785417056
1.7779781921923157,1.1267243269852427,1.4340175170121485,8.099611983723628
5.612332498337667,4.073113351716332,0.9745506108190329,16.648793569031216
9.367932264191731,3.2903274016783106,0.5609445080606061,22.09236831585298
6.990694987082232,2.900574913893447,1.0848701841345865,18.820584122946578
5.743605583884713,4.5225166237293095,0.3155760867352414,15.459431953046069
1.0620472883306085,4.048687450510388,1.2475485234459178,8.145001750398976
6.18857154432178,1.1825369587973804,0.6841881279831759,15.290123991516596
9.901533116032207,1.902749305079967,1.6356063811469386,26.197513696700113
1.486831750841588,1.618201129165096,0.7586515260624329,5.87624227968158
5.231463558400994,3.847758316577046,1.0193962683472422,15.025390246462734
8.785993412086759,0.6508959563110073,0.22091697183458114,18.037781120822245
7.433609315766624,3.0645035819209245,0.330404398030206,16.407505321896327
7.000455835853153,3.9310640858331074,0.9064884015320327,19.71401248418912
7.054592431472382,4.445445365427872,1.0638899024908224,18.971973070270327
3.6589623970755762,2.0393678692215835,1.2800369866147467,12.0670928768133
3.0065592582184846,4.195657871024058,0.7249926416767458,10.147518727034775
8.112675439237284,0.9978428162984325,1.4509673950277766,21.230877820611664
8.12012260732389,4.309035312805332,1.7482203149405682,24.047292422141798
8.684015953943026,1.073698980493921,1.6037317800080297,23.146313482336975
9.141081470309066,2.2877928075216527,0.2713138856270429,19.94846228197562
5.162289748723284,4.087829146007991,1.0649125050640922,15.479670728749634
5.065011317403276,1.174628423069482,0.3888743211527148,12.025249785043586
8.003122271771074,1.5316312785468866,0.6356810285525495,18.55475770538147
6.534642914699875,3.750136557768798,1.9759926678808637,21.676004899936736
7.049472084851263,3.7401644144573347,0.45649197722272383,17.583989784418492
7.9783474274174,3.385164347983838,1.097998676212441,21.31071195048895
8.911052883993907,3.62276800010195,1.3126803217726144,23.902971367690338
3.4461520528302048,2.942259995064183,1.4644369469793872,13.343481872873326
3.818271231135446,1.6330957650812874,1.2073676302764453,12.165704014992725
1.0304212044246033,2.0556319707676374,0.2175875253545306,3.093004996318694
5.824973395862123,1.3171897256064156,0.7876303548391854,14.87127669492133
0.45582851058774665,4.588027526001327,1.1318809580924807,6.275635211557684
4.709420379511355,3.125263076447542,0.35815969846070006,11.791643051753704
5.472181883605009,2.3038313754363795,0.8311284761765254,14.882846892835332
2.9367583960700157,2.5790261163985972,0.25976559582445985,8.561468173529526
5.949249279633206,4.762775028253169,0.34144129487903735,15.314845746398142
0.4019524743965893,1.190081314022361,0.9144618971628728,4.296747803592459
0.4697470686172227,3.1380342440755875,0.43888835727750863,4.6762838034223835
8.243745550530617,2.7764990549800967,1.2215735268708046,21.660837798907984
3.665887349971503,3.2515440594559153,1.4410369444470783,14.581499120102396
1.3578990752536595,0.5814958271937822,1.6410560583963492,8.21246906210903
5.270208274542563,4.424557590248682,0.5602704396406581,13.553125283553534
7.722936175676248,4.694532271176255,0.5014686480663255,19.674215241691865
2.2366281722187478,3.0430993261514403,0.38822211260192047,7.350051537760366
6.266615710608102,3.634928707446015,1.345574449178546,19.032295499516223
0.9449399034383031,4.651247215297831,1.471656307676422,8.967063013189765
0.6116490395692162,3.6825738544102937,0.25685506068615566,3.765922196410159
5.360410852524665,1.1864256931141761,1.8851820432386417,16.357431563177663
5.452287703940055,3.0932976207506595,0.29354831057265035,13.22735752133038
6.410556024832244,3.2302177087228516,1.1743334035419268,17.533960887547043
7.2883042038543495,2.408588020860737,1.4763089350116496,19.919567498271654
9.760935586679093,3.813999060311253,1.767744422742954,27.02639317395298
5.211373448181833,4.704651566460567,1.48535647783837,18.066094365284762
3.2972690821183352,4.665058308080494,1.6431105495256253,14.053734731765283
7.972343328210166,2.5287771713185947,0.8110103465770508,19.044164750793186
2.781239287494535,1.0095712062833986,1.666685204743722,11.289621126472007
4.445817064985797,4.931785395330506,0.34420672349241527,12.988462741436917
0.876718175288433,4.275041389006704,1.8106699809089497,9.018075535647377
0.3509723598130293,1.0609820654147009,1.1856662770767252,4.722426000227126
9.630219305311458,4.643788471778175,1.6711359859324886,26.603084901674066
8.376203193070838,4.414533629279577,1.0141729121329404,21.609742780639166
6.9901446403276095,2.8347712570673247,1.358439851353745,19.797134680172046
4.148634149701271,3.1607394608521817,1.1475247896850038,13.259738324579754
1.8156137687013734,2.2955121674155863,1.5168611391595974,9.539333260542845
1.648726722443752,0.746427374699141,0.34693396765506124,4.267722946301208
2.5774046918294937,2.0083875874065544,0.30863375118301484,6.866175280749604
5.537343980590593,4.112840518691051,0.6447858212182636,15.426656363095388
7.174499634730617,0.5208441035207129,0.487180424203739,15.884546017786922
6.635954029505539,2.000746272610149,1.769210419865963,20.443394380530748
2.871345579764834,2.291759121159245,0.5945851772444798,8.472508159035428
9.553166278565621,2.918280213220653,1.9565574604744362,26.547487408040823
7.405179475288108,4.639350273857422,0.8064124251879923,20.01556677900545
5.588105119862867,2.0585569746468257,0.5278122482396588,13.079742605301607
6.156035387720087,2.0612894085330247,1.6214573128564624,17.326683012285688
4.25404061803512,3.818755616493868,1.385673995901577,13.811652874736856
2.552536796061459,2.534980734004132,1.0967522896156503,10.294112879685526
3.62412951864749,1.510721703229919,1.1996543916877362,11.326653991026923
7.602676493597254,2.53597782259712,1.4945632008900749,22.23613114399742
0.2424955374345831,1.1338565917090992,0.6112185343963377,2.6034511745840345
1.2491191410184708,1.293741439278005,1.9934010489021354,9.217587799980869
0.5554261560153523,2.7426549773276587,1.9546276918642096,9.117117852571102
0.5032151429578043,2.3851645227704656,1.3705862354244864,7.313817697653862
8.56905978170897,4.61680655480645,0.5591764116724612,22.15480386415675
7.066212807862234,2.130772546024849,1.4244108363763244,20.07522751316244
4.7943209079645195,3.1126475762511956,0.32995713616251654,12.646868275447918
1.0685581904449146,3.3451892956378866,0.25517450397045094,4.871498015220716
4.96699716365664,0.5589250546475013,0.6638291993201846,12.594124990680903
4.7873705307276,3.4859181740751977,1.0327213221307694,14.14027125672084
1.8146985121091506,1.3011618509138814,1.7628905097350849,9.159550037169343
4.395131327455933,4.824816428612548,1.5089043255793544,15.727696617250725
4.045196870533997,1.1689822748890082,1.536871738159966,13.20040778172993
6.196915970716943,2.365808556771607,0.9658880020065357,16.24778620117566
6.387427143589673,0.8840735063538974,0.8226829865845333,16.03313372383825
0.5485096967432408,4.985934133306763,0.8678697733722849,6.671248384541974
3.808664884802065,2.759877546490592,1.9777692147249042,14.974779630170062
6.29601316557094,3.179232577940197,0.2721965445424685,15.736997294267017
5.081048959942868,0.8018441482479237,1.7606566930204075,15.274145516004168
8.57924942776439,3.8748221167963,1.2416157354303081,22.723927390577998
6.621066953027555,1.444575168930136,0.9895077545412629,16.574533593842567
1.713050828106154,4.541244302483212,1.5054637887472457,9.279846865159122
0.7986305992642555,1.4231283821690321,1.076004094564465,5.4954973303850725
6.459950854242525,1.3580947429864996,1.772161828546989,18.85456081142762
0.36246197436205596,0.664473505316427,1.8212633552202653,7.277675638664186
5.899178254607286,2.6243012529949965,0.9590976683722199,16.30320598310612
9.40827939010708,3.041785099681774,0.6982900350230928,21.920228022959723
5.7971943609712016,0.7956888774275857,1.266230591468052,16.717971218227447
3.942882269444567,3.9898742751275478,1.8422540221100436,16.017980590545715
6.468553362579296,2.5397997563661243,0.5791919402101999,16.235631275706563
4.636703615866015,2.8597562119741102,1.321339850414269,14.554062839536975
5.501606214227755,2.4834323612220266,1.336808396166537,15.775634179204394
9.4205016068876,2.303433773938967,1.5196034403475058,24.365427033751676
3.9224161142276652,3.0183814908869806,0.43682183322906765,11.208862783438118
9.615786581856751,1.1985811066882062,1.4884849364277595,25.23861167930819
9.06297135536503,1.31867658722872,1.8362585371981537,25.065678380074978
2.038332234414035,4.378035294560828,0.5234295959664356,7.591546193114654
0.786676878664138,4.757519579601348,0.6275779848629798,5.2750387850733835
1.097702213636524,2.1798919232588885,1.9485111692749513,9.201327020182948
0.28039607395034233,1.718351029145992,0.5257585148770816,2.1130235243234994
1.034985311483691,3.397997944575571,1.7378931680652425,9.144232956543286
6.861767056821932,2.339303769941434,1.0861001416064626,18.077685130284635
0.804767619756267,0.6142386004715519,0.6450159339257187,3.618684090591345
3.257858739908237,1.2026866881478566,1.7673498222905204,11.621758757128566
8.4642655785976,3.721875029813289,1.001549459004798,22.050917102401097
0.33039216378467606,3.465157738595681,1.1266712370734424,5.507026488256564
8.163237977630464,0.6219319662656757,0.8466200649195783,18.592343715297357
2.8903622702566594,1.4988747286982724,1.2673115325828694,8.895965395970237
1.269831793454397,1.5398365846463213,0.494342970653041,4.778853338665758
6.997697937105091,3.5235173461942777,0.9039467659731693,19.3551206435617
6.3265341831208515,0.5886974198946386,1.9449421802035176,19.61287322407351
8.786972933917824,0.9684886189305824,0.6646401788620295,19.823562585593894
7.3772033336584695,4.0996223841793515,1.382125996174326,20.6494898177487
8.05446121081,1.3034509792445013,0.7853421156044509,19.351061386093114
2.8921422684559346,3.437357485333436,1.5922516262358812,11.780525438692086
1.856651483419256,1.5718225147102693,0.43557258929302967,5.9568279419824695
7.531086041244498,0.9474862674170532,1.9456778811413804,21.755988998814008
8.087663918745914,1.5942748594975433,1.0168211744905506,20.636395402654408
9.906000905806666,3.750201193350466,0.6248908340236352,23.51169787211949
4.184915001423122,4.350634106478286,0.3322941451940228,11.440192616578972
3.782979049348554,4.235989390551462,0.5055642291575734,10.761654188067277
7.786488311345769,2.2873258832830468,1.1355931074008319,19.709978709515628
3.4739550485048767,3.5063831145679076,0.8066057175763153,11.00767936107189
9.314497523475291,1.4224293293711945,1.691990058588697,24.599862640810358
8.598286243245816,1.8191647861745597,0.9755975425912506,21.489739820469293
4.347040871012681,4.5335111833450386,0.6476856906577338,12.502304930330912
7.5336235711358235,0.5585086557983121,1.310860975887254,20.025428682312327
7.5699744534383555,0.8847883888451064,1.4721989903938024,19.863378271959387
1.120926301475733,1.435488148157123,0.5006754342217098,4.450939332520938
9.03527377612771,0.6193949174321887,0.5017145893189718,19.511782939354518
5.101998487233786,1.316459457904088,0.26600856848037735,10.448132278724277
8.281928914466642,3.1236870243636146,1.525523627118153,23.144294920650076
3.2684910502030564,2.3964104776662407,1.394848149719249,12.288153736943197
8.965679962112384,4.517022699846387,1.0543355763496651,23.21221422463785
3.953096619468215,4.178496027822984,1.7195068081445548,15.187457035894022
0.20729274965495376,2.038178082640442,1.6502062753100957,6.642262975412465
9.06328156655071,1.6674054504408162,1.2536378559141539,21.939906497621017
1.0037381001827224,2.208615836752701,1.7628883049238655,8.135922694840243
3.2612050121451075,3.156327241316635,0.5705141780661829,10.209248518957994
9.505613473802969,1.7062863837029432,0.4014553149159102,20.44159137262052
9.511010754681806,3.3086700853211033,0.6855493007305813,22.879783420299223
5.777035092420532,2.342352434860582,0.30275634096076676,12.955224522841954
6.355188400481013,2.984212313833911,1.1561051504018576,17.904013400301316
4.539610667585365,2.462569381108925,1.8858902461309306,15.950356022969244
3.002786639810839,1.8250959179386295,0.27081837320331736,6.9230104502481895
3.3537789991621683,4.768039881329705,0.41979784521804825,10.93334115187192
6.7579327151626805,3.936226073718924,1.0139582509101834,18.15855743151635
7.548507841433032,1.1305092909490364,1.880975031550229,20.900069204484076
7.9366325328859,4.4081058915406075,0.7690809889581509,20.48484557703203
7.9172196136660835,2.6934403921228114,1.1130226556391065,21.094546065025252
1.0029404201820347,4.525485021023411,0.2748311462907058,4.585205880258694
4.9947610165555565,4.099348651762918,0.46701776173175996,13.47108956911184
0.6698317241647784,2.4134607701115502,1.9759342213259243,8.688604747528391
5.540335935004982,0.6011118874405283,1.9372136535848818,17.539421578116443
4.471151963596432,1.7090481172322574,0.20889196568193732,10.511724660493417
8.888271409307167,2.937353965973901,1.9132612137618301,24.801489523345115
3.574058624265579,3.3506519892176625,1.3504158880679007,12.460895797019331
1.2589634626332982,1.6604945844494103,1.76225293013604,8.67800494942261
1.515617652323075,1.1271023333277086,1.0185317401409464,6.11431218574004
7.638955254002975,4.257186065596846,1.1280728514426506,19.33004685338502
6.220358826830984,4.929809813165985,1.0799238444624564,18.363673995711164
1.1011144936156236,2.865605820362086,1.400355663582988,8.288066308704352
0.9326573805384746,1.2725567863173657,0.45137225856136326,2.6742437121488027
7.039594401445288,1.7253829693371603,0.2539524617708203,15.198872320516648
0.8203537630055159,0.5827580444636002,0.7542738948641436,4.504485363337862
8.236414586974526,4.614344629522246,1.468425372925964,24.214025342343913
7.091798048849312,1.029879873005635,0.563336213821307,16.39894152950307
0.9053529283548076,3.094324139814141,1.412178379984851,7.230401595956672
0.9398933694434,1.733248493092427,1.9458416829930867,8.492487813859853
9.867731827161636,2.9938010113210702,0.3690212884209531,23.02686623482076
3.8052808779855916,3.431391747583389,1.4106838128052273,13.23532697861629
3.76935725596222,4.233838116682407,0.9987503947482281,12.252288751185201
8.146715715849275,1.4288957229227144,1.7626560578795096,22.05447570570742
9.477760916100202,0.5494812289631621,0.5188696210052947,20.31020700556851
9.861410531846422,1.1159853353096327,1.446726714007096,24.682329031366347
7.558444034063522,4.550083888316473,1.7086075213665983,23.33009180561986
3.824969896756066,4.432505349031318,1.900305595053242,15.728648889745532
0.9266570953168207,3.1883589597663873,1.4298464509213624,7.610856272217778
7.793754467681624,3.20232587195144,1.0949145752151692,20.327509962526705
5.62820207238447,3.49266503545815,1.312125032362185,16.15751635523624
4.299797891545065,1.2891707538055233,1.7640289720616928,14.977822964751548
9.072908412437886,4.614853756662319,1.2270975439498935,24.09561773655021
1.2008550748308984,2.384467362014329,0.25469670745430634,4.267793996236568
4.976988532479505,2.2241233771227384,1.87570765191256,18.28971549318049
0.21240108319744877,2.835129673772769,1.4411481518568101,6.315187913034556
4.73974035574185,0.7113468504877477,1.4177240943990437,13.71243089487711
0.6574024292501898,1.2482751594023573,0.5882152743158909,3.4904094630464595
1.276297371053912,3.821151273918667,1.3859938464187829,9.195374772921882
1.2635098430933385,0.8725940056630691,0.9089559301774852,5.74681968481955
6.527181990949029,3.214184492598747,1.3722193586746858,18.058975315062806
7.48584430472769,1.6040709935659443,0.3918674545543833,17.408940937189104
5.8753507744618805,2.2518302631888947,1.3841215482854647,16.694909282605106
9.625508229897966,1.7991218154681494,1.9989447063872,27.084060374800377
3.8112187372846704,2.100527224092271,0.2867816699490009,10.073070129319802
2.9285496541904212,3.7357065733291046,1.9589135315983712,13.378032242011132
8.699131369075657,1.8370477203042876,0.9324343293011672,21.754597767074515
2.3135988013425814,3.048820881336037,1.7673562106070664,11.487604430438084
9.635903140462052,2.6422268098959485,1.6082938713048922,25.844188137347864
0.22032929942918178,3.4865202441319165,1.220629269776002,6.0881729388995645
9.701800384405626,4.715733826961411,1.5292085766523877,25.925915084753687
0.5272831283107036,3.796574437446126,1.7813280103424263,7.975062590213019
8.922316825610904,1.4672317036584055,0.9274525789718593,21.875587648757172
5.324240979954369,0.6403241077757811,0.7886596908138297,13.167235420184847
9.930351481581074,1.680188199349213,1.4016680940144526,24.70397711325911
0.8305859908804487,3.1778506881511466,1.6541226954942654,7.73490412264459
5.583157415573075,0.7314161606791265,1.5721132425979083,16.460162172076174
9.69609510262908,2.7336481124055636,1.6360645679455421,26.69847042491914
5.278668657284473,3.1857928201260015,0.9840499666632794,14.568617167494647
6.331046517539099,2.004097508676324,1.6721015891150388,18.692556285097858
6.98791202094771,3.9691049168561987,0.4163762996670952,17.91561567703252
4.599956541200955,0.9796921391019731,1.1800803763295291,13.190179585318626
6.312824992832228,0.8381200178111394,0.21036558889661883,13.901992659384748
5.884711688038692,3.776849402916215,0.7842544938204865,15.479414794923512
9.02146430386079,2.729710922927893,0.8596307627685162,22.200829906094903
0.549919165380433,3.597810783924812,0.9131108448966598,5.544504124910977
2.8815355769630804,2.456723023716858,1.451840972041752,11.839820579749777
9.509073692357932,1.6088091495759806,0.8994045822866223,23.114458732146097
8.913611460520071,4.185960429533899,1.0076485207205552,24.237930518978064
4.611001852578558,4.097371455360406,0.6275794355737895,13.443244326165475
6.2393127182352135,3.6261341188449205,0.8718532249328121,17.070150328982404
2.8460737115132138,1.724653117534832,0.6090853290736726,8.47892211980353
1.9623994812652372,3.156038000910892,0.3317526627831986,6.321492804930172
4.690614208905823,2.1243825362301205,1.2862074680864801,14.471284011916993
3.598187057457923,0.9121193299698537,1.4027830373990293,11.713082187028347
5.878195507323634,4.627911089580093,1.315082622817306,18.099824916024037
0.8695729059533499,1.1156838391353263,1.0342892788410303,6.0586543358014335
9.746508595895047,4.776068092193611,0.8836144043226137,24.028623168214924
9.863486370348069,2.507025978310801,1.7540005692292855,26.812426718103918
